{
    "camera_matrix": [
        [
            673.8651692726294,
            0.0,
            272.9541897056819
        ],
        [
            0.0,
            672.3469760690904,
            259.98927201210347
        ],
        [
            0.0,
            0.0,
            1.0
        ]
    ],
    "dist_coeffs": [
        [
            0.19658088160743964,
            -5.500292699606396,
            0.00771590389559943,
            0.00615199806958486,
            36.47824912511426
        ]
    ],
    "rotation_vectors": [
        [
            [
                -0.09134474259458396
            ],
            [
                0.4342089698574201
            ],
            [
                1.487349437058574
            ]
        ],
        [
            [
                -0.08804250760859199
            ],
            [
                0.42849930848375234
            ],
            [
                1.4885217947443545
            ]
        ],
        [
            [
                -0.08883254401693154
            ],
            [
                0.4249248193626072
            ],
            [
                1.4886545541208664
            ]
        ],
        [
            [
                -0.09847007678473027
            ],
            [
                0.4172863302870728
            ],
            [
                1.489527207299278
            ]
        ],
        [
            [
                -0.10228740462149177
            ],
            [
                0.41125812935734984
            ],
            [
                1.49125906776133
            ]
        ],
        [
            [
                -0.10972137545979584
            ],
            [
                0.40082412700143094
            ],
            [
                1.4945589456796138
            ]
        ],
        [
            [
                -0.12375214029704668
            ],
            [
                0.3934192124409873
            ],
            [
                1.4985860383125749
            ]
        ],
        [
            [
                -0.13621099189523764
            ],
            [
                0.3788848270266568
            ],
            [
                1.5048620702559103
            ]
        ],
        [
            [
                -0.14612513654435083
            ],
            [
                0.36348454909300326
            ],
            [
                1.5108520297919168
            ]
        ],
        [
            [
                -0.16144576783256614
            ],
            [
                0.3510224407606815
            ],
            [
                1.5172066774328044
            ]
        ]
    ],
    "translation_vectors": [
        [
            [
                4.122017936029341
            ],
            [
                -2.232634167519207
            ],
            [
                24.918010983806226
            ]
        ],
        [
            [
                4.315055302857199
            ],
            [
                -2.6543056335379243
            ],
            [
                24.899135543932573
            ]
        ],
        [
            [
                4.486808367711197
            ],
            [
                -3.0020938368906784
            ],
            [
                24.926231113851923
            ]
        ],
        [
            [
                4.642942989313043
            ],
            [
                -3.306448828914503
            ],
            [
                24.976359431953632
            ]
        ],
        [
            [
                4.7800826346698315
            ],
            [
                -3.5900019923813167
            ],
            [
                25.00751533238767
            ]
        ],
        [
            [
                4.894286928625723
            ],
            [
                -3.830128918365618
            ],
            [
                25.02444792074873
            ]
        ],
        [
            [
                5.000915498323231
            ],
            [
                -4.035163838299358
            ],
            [
                25.089161756366764
            ]
        ],
        [
            [
                5.097522312554344
            ],
            [
                -4.220969120144128
            ],
            [
                25.1438690237868
            ]
        ],
        [
            [
                5.1794109548852605
            ],
            [
                -4.385740511789509
            ],
            [
                25.17775694010824
            ]
        ],
        [
            [
                5.259546084872885
            ],
            [
                -4.528551545570353
            ],
            [
                25.22870187910323
            ]
        ]
    ]
}